[{"name": "wool:white", "x": 12.0, "y": 10.0, "z": 101.0}, {"name": "wool:white", "x": 12.0, "y": 10.0, "z": 101.0}, {"name": "wool:white", "x": 12.0, "y": 10.0, "z": 102.0}, {"name": "wool:white", "x": 12.0, "y": 10.0, "z": 102.0}, {"name": "wool:white", "x": 13.0, "y": 10.0, "z": 101.0}, {"name": "wool:white", "x": 13.0, "y": 10.0, "z": 101.0}, {"name": "wool:white", "x": 13.0, "y": 10.0, "z": 101.0}, {"name": "wool:white", "x": 13.0, "y": 10.0, "z": 101.0}, {"name": "wool:white", "x": 13.0, "y": 10.0, "z": 102.0}, {"name": "wool:white", "x": 13.0, "y": 10.0, "z": 102.0}, {"name": "wool:white", "x": 13.0, "y": 10.0, "z": 103.0}, {"name": "wool:white", "x": 13.0, "y": 10.0, "z": 103.0}, {"name": "wool:white", "x": 13.0, "y": 10.0, "z": 102.0}, {"name": "wool:white", "x": 13.0, "y": 10.0, "z": 102.0}, {"name": "wool:white", "x": 12.0, "y": 10.0, "z": 101.0}, {"name": "wool:white", "x": 12.0, "y": 10.0, "z": 101.0}, {"name": "wool:white", "x": 12.0, "y": 10.0, "z": 102.0}, {"name": "wool:white", "x": 12.0, "y": 10.0, "z": 102.0}, {"name": "wool:white", "x": 12.0, "y": 10.0, "z": 102.0}, {"name": "wool:white", "x": 12.0, "y": 10.0, "z": 102.0}, {"name": "wool:white", "x": 12.0, "y": 10.0, "z": 103.0}, {"name": "wool:white", "x": 12.0, "y": 10.0, "z": 103.0}, {"name": "wool:white", "x": 12.0, "y": 10.0, "z": 103.0}, {"name": "wool:white", "x": 12.0, "y": 10.0, "z": 103.0}, {"name": "wool:white", "x": 13.0, "y": 10.0, "z": 103.0}, {"name": "wool:white", "x": 13.0, "y": 10.0, "z": 103.0}, {"name": "wool:white", "x": 13.0, "y": 10.0, "z": 103.0}, {"name": "wool:white", "x": 13.0, "y": 10.0, "z": 103.0}, {"name": "wool:white", "x": 13.0, "y": 10.0, "z": 103.0}, {"name": "wool:white", "x": 13.0, "y": 10.0, "z": 103.0}, {"name": "wool:white", "x": 13.0, "y": 10.0, "z": 103.0}, {"name": "wool:white", "x": 13.0, "y": 10.0, "z": 103.0}, {"name": "wool:white", "x": 13.0, "y": 10.0, "z": 103.0}, {"name": "wool:white", "x": 13.0, "y": 10.0, "z": 103.0}, {"name": "wool:white", "x": 13.0, "y": 10.0, "z": 104.0}, {"name": "wool:white", "x": 13.0, "y": 10.0, "z": 104.0}, {"name": "wool:white", "x": 13.0, "y": 10.0, "z": 104.0}, {"name": "wool:white", "x": 13.0, "y": 10.0, "z": 104.0}, {"name": "wool:white", "x": 13.0, "y": 10.0, "z": 104.0}, {"name": "wool:white", "x": 13.0, "y": 10.0, "z": 104.0}, {"name": "wool:white", "x": 12.0, "y": 10.0, "z": 104.0}, {"name": "wool:white", "x": 12.0, "y": 10.0, "z": 104.0}, {"name": "wool:white", "x": 13.0, "y": 10.0, "z": 105.0}, {"name": "wool:white", "x": 13.0, "y": 10.0, "z": 105.0}, {"name": "wool:white", "x": 12.0, "y": 10.0, "z": 104.0}, {"name": "wool:white", "x": 12.0, "y": 10.0, "z": 104.0}, {"name": "wool:white", "x": 13.0, "y": 10.0, "z": 109.0}, {"name": "wool:white", "x": 13.0, "y": 10.0, "z": 109.0}, {"name": "wool:white", "x": 13.0, "y": 10.0, "z": 109.0}, {"name": "wool:white", "x": 13.0, "y": 10.0, "z": 109.0}, {"name": "wool:white", "x": 13.0, "y": 10.0, "z": 110.0}, {"name": "wool:white", "x": 13.0, "y": 10.0, "z": 110.0}, {"name": "wool:white", "x": 13.0, "y": 10.0, "z": 110.0}, {"name": "wool:white", "x": 13.0, "y": 10.0, "z": 110.0}, {"name": "wool:white", "x": 13.0, "y": 10.0, "z": 110.0}, {"name": "wool:white", "x": 13.0, "y": 10.0, "z": 110.0}, {"name": "wool:white", "x": 12.0, "y": 10.0, "z": 110.0}, {"name": "wool:white", "x": 12.0, "y": 10.0, "z": 110.0}, {"name": "wool:white", "x": 12.0, "y": 10.0, "z": 110.0}, {"name": "wool:white", "x": 12.0, "y": 10.0, "z": 110.0}, {"name": "wool:white", "x": 13.0, "y": 10.0, "z": 110.0}, {"name": "wool:white", "x": 13.0, "y": 10.0, "z": 110.0}, {"name": "wool:white", "x": 13.0, "y": 10.0, "z": 110.0}, {"name": "wool:white", "x": 13.0, "y": 10.0, "z": 110.0}, {"name": "wool:white", "x": 12.0, "y": 10.0, "z": 111.0}, {"name": "wool:white", "x": 12.0, "y": 10.0, "z": 111.0}, {"name": "wool:white", "x": 12.0, "y": 10.0, "z": 110.0}, {"name": "wool:white", "x": 12.0, "y": 10.0, "z": 110.0}, {"name": "wool:white", "x": 12.0, "y": 10.0, "z": 111.0}, {"name": "wool:white", "x": 12.0, "y": 10.0, "z": 111.0}, {"name": "wool:white", "x": 12.0, "y": 10.0, "z": 111.0}, {"name": "wool:white", "x": 12.0, "y": 10.0, "z": 111.0}, {"name": "wool:white", "x": 12.0, "y": 10.0, "z": 112.0}, {"name": "wool:white", "x": 12.0, "y": 10.0, "z": 112.0}, {"name": "wool:white", "x": 13.0, "y": 10.0, "z": 111.0}, {"name": "wool:white", "x": 13.0, "y": 10.0, "z": 111.0}, {"name": "wool:white", "x": 13.0, "y": 10.0, "z": 111.0}, {"name": "wool:white", "x": 13.0, "y": 10.0, "z": 111.0}, {"name": "wool:white", "x": 12.0, "y": 10.0, "z": 112.0}, {"name": "wool:white", "x": 12.0, "y": 10.0, "z": 112.0}, {"name": "wool:white", "x": 12.0, "y": 10.0, "z": 112.0}, {"name": "wool:white", "x": 12.0, "y": 10.0, "z": 112.0}, {"name": "wool:white", "x": 13.0, "y": 10.0, "z": 112.0}, {"name": "wool:white", "x": 13.0, "y": 10.0, "z": 112.0}, {"name": "wool:white", "x": 13.0, "y": 10.0, "z": 112.0}, {"name": "wool:white", "x": 13.0, "y": 10.0, "z": 112.0}, {"name": "wool:white", "x": 14.0, "y": 10.0, "z": 114.0}, {"name": "wool:white", "x": 14.0, "y": 10.0, "z": 114.0}, {"name": "wool:white", "x": 13.0, "y": 10.0, "z": 112.0}, {"name": "wool:white", "x": 13.0, "y": 10.0, "z": 112.0}, {"name": "wool:white", "x": 13.0, "y": 10.0, "z": 112.0}, {"name": "wool:white", "x": 13.0, "y": 10.0, "z": 112.0}, {"name": "wool:white", "x": 21.0, "y": 10.0, "z": 101.0}, {"name": "wool:white", "x": 21.0, "y": 10.0, "z": 101.0}, {"name": "wool:white", "x": 20.0, "y": 10.0, "z": 101.0}, {"name": "wool:white", "x": 20.0, "y": 10.0, "z": 101.0}, {"name": "wool:white", "x": 20.0, "y": 10.0, "z": 101.0}, {"name": "wool:white", "x": 20.0, "y": 10.0, "z": 101.0}, {"name": "wool:white", "x": 21.0, "y": 10.0, "z": 102.0}, {"name": "wool:white", "x": 21.0, "y": 10.0, "z": 102.0}, {"name": "wool:white", "x": 21.0, "y": 10.0, "z": 101.0}, {"name": "wool:white", "x": 21.0, "y": 10.0, "z": 101.0}, {"name": "wool:white", "x": 21.0, "y": 10.0, "z": 102.0}, {"name": "wool:white", "x": 21.0, "y": 10.0, "z": 102.0}, {"name": "wool:white", "x": 21.0, "y": 10.0, "z": 102.0}, {"name": "wool:white", "x": 21.0, "y": 10.0, "z": 102.0}, {"name": "wool:white", "x": 20.0, "y": 10.0, "z": 102.0}, {"name": "wool:white", "x": 20.0, "y": 10.0, "z": 102.0}, {"name": "wool:white", "x": 20.0, "y": 10.0, "z": 103.0}, {"name": "wool:white", "x": 20.0, "y": 10.0, "z": 103.0}, {"name": "wool:white", "x": 20.0, "y": 10.0, "z": 103.0}, {"name": "wool:white", "x": 20.0, "y": 10.0, "z": 103.0}, {"name": "wool:white", "x": 20.0, "y": 10.0, "z": 103.0}, {"name": "wool:white", "x": 20.0, "y": 10.0, "z": 103.0}, {"name": "wool:white", "x": 20.0, "y": 10.0, "z": 103.0}, {"name": "wool:white", "x": 20.0, "y": 10.0, "z": 103.0}, {"name": "wool:white", "x": 20.0, "y": 10.0, "z": 104.0}, {"name": "wool:white", "x": 20.0, "y": 10.0, "z": 104.0}, {"name": "wool:white", "x": 20.0, "y": 10.0, "z": 104.0}, {"name": "wool:white", "x": 20.0, "y": 10.0, "z": 104.0}, {"name": "wool:white", "x": 21.0, "y": 10.0, "z": 103.0}, {"name": "wool:white", "x": 21.0, "y": 10.0, "z": 103.0}, {"name": "wool:white", "x": 21.0, "y": 10.0, "z": 104.0}, {"name": "wool:white", "x": 21.0, "y": 10.0, "z": 104.0}, {"name": "wool:white", "x": 21.0, "y": 10.0, "z": 104.0}, {"name": "wool:white", "x": 21.0, "y": 10.0, "z": 104.0}, {"name": "wool:white", "x": 21.0, "y": 10.0, "z": 104.0}, {"name": "wool:white", "x": 21.0, "y": 10.0, "z": 104.0}, {"name": "wool:white", "x": 21.0, "y": 10.0, "z": 104.0}, {"name": "wool:white", "x": 21.0, "y": 10.0, "z": 104.0}, {"name": "wool:white", "x": 20.0, "y": 10.0, "z": 104.0}, {"name": "wool:white", "x": 20.0, "y": 10.0, "z": 104.0}, {"name": "wool:white", "x": 20.0, "y": 10.0, "z": 109.0}, {"name": "wool:white", "x": 20.0, "y": 10.0, "z": 109.0}, {"name": "wool:white", "x": 20.0, "y": 10.0, "z": 110.0}, {"name": "wool:white", "x": 20.0, "y": 10.0, "z": 110.0}, {"name": "wool:white", "x": 20.0, "y": 10.0, "z": 109.0}, {"name": "wool:white", "x": 20.0, "y": 10.0, "z": 109.0}, {"name": "wool:white", "x": 20.0, "y": 10.0, "z": 109.0}, {"name": "wool:white", "x": 20.0, "y": 10.0, "z": 109.0}, {"name": "wool:white", "x": 20.0, "y": 10.0, "z": 110.0}, {"name": "wool:white", "x": 20.0, "y": 10.0, "z": 110.0}, {"name": "wool:white", "x": 20.0, "y": 10.0, "z": 110.0}, {"name": "wool:white", "x": 20.0, "y": 10.0, "z": 110.0}, {"name": "wool:white", "x": 20.0, "y": 10.0, "z": 110.0}, {"name": "wool:white", "x": 20.0, "y": 10.0, "z": 110.0}, {"name": "wool:white", "x": 20.0, "y": 10.0, "z": 110.0}, {"name": "wool:white", "x": 20.0, "y": 10.0, "z": 110.0}, {"name": "wool:white", "x": 20.0, "y": 10.0, "z": 111.0}, {"name": "wool:white", "x": 20.0, "y": 10.0, "z": 111.0}, {"name": "wool:white", "x": 20.0, "y": 10.0, "z": 110.0}, {"name": "wool:white", "x": 20.0, "y": 10.0, "z": 110.0}, {"name": "wool:white", "x": 20.0, "y": 10.0, "z": 111.0}, {"name": "wool:white", "x": 20.0, "y": 10.0, "z": 111.0}, {"name": "wool:white", "x": 20.0, "y": 10.0, "z": 111.0}, {"name": "wool:white", "x": 20.0, "y": 10.0, "z": 111.0}, {"name": "wool:white", "x": 20.0, "y": 10.0, "z": 112.0}, {"name": "wool:white", "x": 20.0, "y": 10.0, "z": 112.0}, {"name": "wool:white", "x": 20.0, "y": 10.0, "z": 112.0}, {"name": "wool:white", "x": 20.0, "y": 10.0, "z": 112.0}, {"name": "wool:white", "x": 20.0, "y": 10.0, "z": 112.0}, {"name": "wool:white", "x": 20.0, "y": 10.0, "z": 112.0}, {"name": "wool:white", "x": 21.0, "y": 10.0, "z": 109.0}, {"name": "wool:white", "x": 21.0, "y": 10.0, "z": 109.0}, {"name": "wool:white", "x": 21.0, "y": 10.0, "z": 110.0}, {"name": "wool:white", "x": 21.0, "y": 10.0, "z": 110.0}, {"name": "wool:white", "x": 21.0, "y": 10.0, "z": 110.0}, {"name": "wool:white", "x": 21.0, "y": 10.0, "z": 110.0}, {"name": "wool:white", "x": 21.0, "y": 10.0, "z": 110.0}, {"name": "wool:white", "x": 21.0, "y": 10.0, "z": 110.0}, {"name": "wool:white", "x": 21.0, "y": 10.0, "z": 110.0}, {"name": "wool:white", "x": 21.0, "y": 10.0, "z": 110.0}, {"name": "wool:white", "x": 21.0, "y": 10.0, "z": 110.0}, {"name": "wool:white", "x": 21.0, "y": 10.0, "z": 110.0}, {"name": "wool:white", "x": 21.0, "y": 10.0, "z": 110.0}, {"name": "wool:white", "x": 21.0, "y": 10.0, "z": 110.0}, {"name": "wool:white", "x": 21.0, "y": 10.0, "z": 110.0}, {"name": "wool:white", "x": 21.0, "y": 10.0, "z": 110.0}, {"name": "wool:white", "x": 21.0, "y": 10.0, "z": 111.0}, {"name": "wool:white", "x": 21.0, "y": 10.0, "z": 111.0}, {"name": "wool:white", "x": 21.0, "y": 10.0, "z": 111.0}, {"name": "wool:white", "x": 21.0, "y": 10.0, "z": 111.0}, {"name": "wool:white", "x": 21.0, "y": 10.0, "z": 111.0}, {"name": "wool:white", "x": 21.0, "y": 10.0, "z": 111.0}, {"name": "wool:white", "x": 21.0, "y": 10.0, "z": 111.0}, {"name": "wool:white", "x": 21.0, "y": 10.0, "z": 111.0}, {"name": "wool:white", "x": 21.0, "y": 10.0, "z": 112.0}, {"name": "wool:white", "x": 21.0, "y": 10.0, "z": 112.0}, {"name": "wool:white", "x": 21.0, "y": 10.0, "z": 112.0}, {"name": "wool:white", "x": 21.0, "y": 10.0, "z": 112.0}, {"name": "wool:white", "x": 21.0, "y": 10.0, "z": 112.0}, {"name": "wool:white", "x": 21.0, "y": 10.0, "z": 112.0}, {"name": "wool:white", "x": 21.0, "y": 10.0, "z": 112.0}, {"name": "wool:white", "x": 21.0, "y": 10.0, "z": 112.0}, {"name": "wool:white", "x": 21.0, "y": 10.0, "z": 114.0}, {"name": "wool:white", "x": 21.0, "y": 10.0, "z": 114.0}, {"name": "wool:white", "x": 21.0, "y": 10.0, "z": 112.0}, {"name": "wool:white", "x": 21.0, "y": 10.0, "z": 112.0}, {"name": "wool:white", "x": 21.0, "y": 10.0, "z": 115.0}, {"name": "wool:white", "x": 21.0, "y": 10.0, "z": 115.0}, {"name": "wool:white", "x": 20.0, "y": 10.0, "z": 117.0}, {"name": "wool:white", "x": 20.0, "y": 10.0, "z": 117.0}, {"name": "wool:white", "x": 21.0, "y": 10.0, "z": 117.0}, {"name": "wool:white", "x": 21.0, "y": 10.0, "z": 117.0}, {"name": "wool:white", "x": 20.0, "y": 10.0, "z": 117.0}, {"name": "wool:white", "x": 20.0, "y": 10.0, "z": 117.0}, {"name": "wool:white", "x": 21.0, "y": 10.0, "z": 117.0}, {"name": "wool:white", "x": 21.0, "y": 10.0, "z": 117.0}, {"name": "wool:white", "x": 21.0, "y": 10.0, "z": 118.0}, {"name": "wool:white", "x": 21.0, "y": 10.0, "z": 118.0}, {"name": "wool:white", "x": 21.0, "y": 10.0, "z": 118.0}, {"name": "wool:white", "x": 21.0, "y": 10.0, "z": 118.0}, {"name": "wool:white", "x": 20.0, "y": 10.0, "z": 118.0}, {"name": "wool:white", "x": 20.0, "y": 10.0, "z": 118.0}, {"name": "wool:white", "x": 20.0, "y": 10.0, "z": 118.0}, {"name": "wool:white", "x": 20.0, "y": 10.0, "z": 118.0}, {"name": "wool:white", "x": 20.0, "y": 10.0, "z": 119.0}, {"name": "wool:white", "x": 20.0, "y": 10.0, "z": 119.0}, {"name": "wool:white", "x": 20.0, "y": 10.0, "z": 119.0}, {"name": "wool:white", "x": 20.0, "y": 10.0, "z": 119.0}, {"name": "wool:white", "x": 20.0, "y": 10.0, "z": 120.0}, {"name": "wool:white", "x": 20.0, "y": 10.0, "z": 120.0}, {"name": "wool:white", "x": 21.0, "y": 10.0, "z": 118.0}, {"name": "wool:white", "x": 21.0, "y": 10.0, "z": 118.0}, {"name": "wool:white", "x": 21.0, "y": 10.0, "z": 119.0}, {"name": "wool:white", "x": 21.0, "y": 10.0, "z": 119.0}, {"name": "wool:white", "x": 21.0, "y": 10.0, "z": 119.0}, {"name": "wool:white", "x": 21.0, "y": 10.0, "z": 119.0}, {"name": "wool:white", "x": 21.0, "y": 10.0, "z": 119.0}, {"name": "wool:white", "x": 21.0, "y": 10.0, "z": 119.0}, {"name": "wool:white", "x": 21.0, "y": 10.0, "z": 120.0}, {"name": "wool:white", "x": 21.0, "y": 10.0, "z": 120.0}, {"name": "wool:white", "x": 21.0, "y": 10.0, "z": 120.0}, {"name": "wool:white", "x": 21.0, "y": 10.0, "z": 120.0}, {"name": "wool:white", "x": 20.0, "y": 10.0, "z": 120.0}, {"name": "wool:white", "x": 20.0, "y": 10.0, "z": 120.0}, {"name": "wool:white", "x": 21.0, "y": 10.0, "z": 120.0}, {"name": "wool:white", "x": 21.0, "y": 10.0, "z": 120.0}, {"name": "wool:white", "x": 21.0, "y": 10.0, "z": 122.0}, {"name": "wool:white", "x": 21.0, "y": 10.0, "z": 122.0}, {"name": "wool:white", "x": 21.0, "y": 10.0, "z": 125.0}, {"name": "wool:white", "x": 21.0, "y": 10.0, "z": 125.0}, {"name": "wool:white", "x": 20.0, "y": 10.0, "z": 125.0}, {"name": "wool:white", "x": 20.0, "y": 10.0, "z": 125.0}, {"name": "wool:white", "x": 20.0, "y": 10.0, "z": 125.0}, {"name": "wool:white", "x": 20.0, "y": 10.0, "z": 125.0}, {"name": "wool:white", "x": 20.0, "y": 10.0, "z": 126.0}, {"name": "wool:white", "x": 20.0, "y": 10.0, "z": 126.0}, {"name": "wool:white", "x": 21.0, "y": 10.0, "z": 125.0}, {"name": "wool:white", "x": 21.0, "y": 10.0, "z": 125.0}, {"name": "wool:white", "x": 21.0, "y": 10.0, "z": 126.0}, {"name": "wool:white", "x": 21.0, "y": 10.0, "z": 126.0}, {"name": "wool:white", "x": 21.0, "y": 10.0, "z": 127.0}, {"name": "wool:white", "x": 21.0, "y": 10.0, "z": 127.0}, {"name": "wool:white", "x": 21.0, "y": 10.0, "z": 126.0}, {"name": "wool:white", "x": 21.0, "y": 10.0, "z": 126.0}, {"name": "wool:white", "x": 21.0, "y": 10.0, "z": 126.0}, {"name": "wool:white", "x": 21.0, "y": 10.0, "z": 126.0}, {"name": "wool:white", "x": 21.0, "y": 10.0, "z": 127.0}, {"name": "wool:white", "x": 21.0, "y": 10.0, "z": 127.0}, {"name": "wool:white", "x": 21.0, "y": 10.0, "z": 128.0}, {"name": "wool:white", "x": 21.0, "y": 10.0, "z": 128.0}, {"name": "wool:white", "x": 21.0, "y": 10.0, "z": 127.0}, {"name": "wool:white", "x": 21.0, "y": 10.0, "z": 127.0}, {"name": "wool:white", "x": 20.0, "y": 10.0, "z": 127.0}, {"name": "wool:white", "x": 20.0, "y": 10.0, "z": 127.0}, {"name": "wool:white", "x": 20.0, "y": 10.0, "z": 128.0}, {"name": "wool:white", "x": 20.0, "y": 10.0, "z": 128.0}, {"name": "wool:white", "x": 20.0, "y": 10.0, "z": 127.0}, {"name": "wool:white", "x": 20.0, "y": 10.0, "z": 127.0}, {"name": "wool:white", "x": 20.0, "y": 10.0, "z": 128.0}, {"name": "wool:white", "x": 20.0, "y": 10.0, "z": 128.0}, {"name": "wool:white", "x": 21.0, "y": 10.0, "z": 128.0}, {"name": "wool:white", "x": 21.0, "y": 10.0, "z": 128.0}, {"name": "wool:white", "x": 20.0, "y": 10.0, "z": 128.0}, {"name": "wool:white", "x": 20.0, "y": 10.0, "z": 128.0}, {"name": "wool:white", "x": 20.0, "y": 10.0, "z": 130.0}, {"name": "wool:white", "x": 20.0, "y": 10.0, "z": 130.0}, {"name": "wool:white", "x": 20.0, "y": 10.0, "z": 128.0}, {"name": "wool:white", "x": 20.0, "y": 10.0, "z": 128.0}, {"name": "wool:white", "x": 21.0, "y": 10.0, "z": 128.0}, {"name": "wool:white", "x": 21.0, "y": 10.0, "z": 128.0}, {"name": "wool:white", "x": 21.0, "y": 10.0, "z": 128.0}, {"name": "wool:white", "x": 21.0, "y": 10.0, "z": 128.0}, {"name": "wool:white", "x": 21.0, "y": 10.0, "z": 129.0}, {"name": "wool:white", "x": 21.0, "y": 10.0, "z": 129.0}, {"name": "wool:white", "x": 21.0, "y": 10.0, "z": 133.0}, {"name": "wool:white", "x": 21.0, "y": 10.0, "z": 133.0}, {"name": "wool:white", "x": 21.0, "y": 10.0, "z": 133.0}, {"name": "wool:white", "x": 21.0, "y": 10.0, "z": 133.0}, {"name": "wool:white", "x": 20.0, "y": 10.0, "z": 133.0}, {"name": "wool:white", "x": 20.0, "y": 10.0, "z": 133.0}, {"name": "wool:white", "x": 20.0, "y": 10.0, "z": 134.0}, {"name": "wool:white", "x": 20.0, "y": 10.0, "z": 134.0}, {"name": "wool:white", "x": 20.0, "y": 10.0, "z": 133.0}, {"name": "wool:white", "x": 20.0, "y": 10.0, "z": 133.0}, {"name": "wool:white", "x": 21.0, "y": 10.0, "z": 133.0}, {"name": "wool:white", "x": 21.0, "y": 10.0, "z": 133.0}, {"name": "wool:white", "x": 20.0, "y": 10.0, "z": 134.0}, {"name": "wool:white", "x": 20.0, "y": 10.0, "z": 134.0}, {"name": "wool:white", "x": 20.0, "y": 10.0, "z": 134.0}, {"name": "wool:white", "x": 20.0, "y": 10.0, "z": 134.0}, {"name": "wool:white", "x": 20.0, "y": 10.0, "z": 135.0}, {"name": "wool:white", "x": 20.0, "y": 10.0, "z": 135.0}, {"name": "wool:white", "x": 21.0, "y": 10.0, "z": 134.0}, {"name": "wool:white", "x": 21.0, "y": 10.0, "z": 134.0}, {"name": "wool:white", "x": 21.0, "y": 10.0, "z": 134.0}, {"name": "wool:white", "x": 21.0, "y": 10.0, "z": 134.0}, {"name": "wool:white", "x": 21.0, "y": 10.0, "z": 135.0}, {"name": "wool:white", "x": 21.0, "y": 10.0, "z": 135.0}, {"name": "wool:white", "x": 20.0, "y": 10.0, "z": 135.0}, {"name": "wool:white", "x": 20.0, "y": 10.0, "z": 135.0}, {"name": "wool:white", "x": 20.0, "y": 10.0, "z": 135.0}, {"name": "wool:white", "x": 20.0, "y": 10.0, "z": 135.0}, {"name": "wool:white", "x": 21.0, "y": 10.0, "z": 134.0}, {"name": "wool:white", "x": 21.0, "y": 10.0, "z": 134.0}, {"name": "wool:white", "x": 21.0, "y": 10.0, "z": 135.0}, {"name": "wool:white", "x": 21.0, "y": 10.0, "z": 135.0}, {"name": "wool:white", "x": 21.0, "y": 10.0, "z": 136.0}, {"name": "wool:white", "x": 21.0, "y": 10.0, "z": 136.0}, {"name": "wool:white", "x": 20.0, "y": 10.0, "z": 135.0}, {"name": "wool:white", "x": 20.0, "y": 10.0, "z": 135.0}, {"name": "wool:white", "x": 20.0, "y": 10.0, "z": 135.0}, {"name": "wool:white", "x": 20.0, "y": 10.0, "z": 135.0}, {"name": "wool:white", "x": 20.0, "y": 10.0, "z": 136.0}, {"name": "wool:white", "x": 20.0, "y": 10.0, "z": 136.0}, {"name": "wool:white", "x": 21.0, "y": 10.0, "z": 135.0}, {"name": "wool:white", "x": 21.0, "y": 10.0, "z": 136.0}, {"name": "wool:white", "x": 21.0, "y": 10.0, "z": 136.0}, {"name": "wool:white", "x": 21.0, "y": 10.0, "z": 136.0}, {"name": "wool:white", "x": 21.0, "y": 10.0, "z": 136.0}, {"name": "wool:white", "x": 21.0, "y": 10.0, "z": 136.0}, {"name": "wool:white", "x": 21.0, "y": 10.0, "z": 136.0}, {"name": "wool:white", "x": 21.0, "y": 10.0, "z": 136.0}, {"name": "wool:white", "x": 21.0, "y": 10.0, "z": 136.0}, {"name": "wool:white", "x": 21.0, "y": 10.0, "z": 136.0}, {"name": "wool:white", "x": 20.0, "y": 10.0, "z": 136.0}, {"name": "wool:white", "x": 20.0, "y": 10.0, "z": 136.0}, {"name": "wool:white", "x": 20.0, "y": 10.0, "z": 136.0}, {"name": "wool:white", "x": 20.0, "y": 10.0, "z": 136.0}, {"name": "wool:white", "x": 20.0, "y": 10.0, "z": 138.0}, {"name": "wool:white", "x": 20.0, "y": 10.0, "z": 138.0}, {"name": "wool:white", "x": 27.0, "y": 10.0, "z": 102.0}, {"name": "wool:white", "x": 27.0, "y": 10.0, "z": 102.0}, {"name": "wool:white", "x": 28.0, "y": 10.0, "z": 102.0}, {"name": "wool:white", "x": 28.0, "y": 10.0, "z": 102.0}, {"name": "wool:white", "x": 29.0, "y": 10.0, "z": 102.0}, {"name": "wool:white", "x": 29.0, "y": 10.0, "z": 102.0}, {"name": "wool:white", "x": 27.0, "y": 10.0, "z": 102.0}, {"name": "wool:white", "x": 27.0, "y": 10.0, "z": 102.0}, {"name": "wool:white", "x": 27.0, "y": 10.0, "z": 103.0}, {"name": "wool:white", "x": 27.0, "y": 10.0, "z": 103.0}, {"name": "wool:white", "x": 27.0, "y": 10.0, "z": 103.0}, {"name": "wool:white", "x": 27.0, "y": 10.0, "z": 103.0}, {"name": "wool:white", "x": 28.0, "y": 10.0, "z": 103.0}, {"name": "wool:white", "x": 28.0, "y": 10.0, "z": 103.0}, {"name": "wool:white", "x": 28.0, "y": 10.0, "z": 103.0}, {"name": "wool:white", "x": 28.0, "y": 10.0, "z": 103.0}, {"name": "wool:white", "x": 28.0, "y": 10.0, "z": 102.0}, {"name": "wool:white", "x": 28.0, "y": 10.0, "z": 102.0}, {"name": "wool:white", "x": 28.0, "y": 10.0, "z": 103.0}, {"name": "wool:white", "x": 28.0, "y": 10.0, "z": 103.0}, {"name": "wool:white", "x": 30.0, "y": 10.0, "z": 103.0}, {"name": "wool:white", "x": 30.0, "y": 10.0, "z": 103.0}, {"name": "wool:white", "x": 29.0, "y": 10.0, "z": 109.0}, {"name": "wool:white", "x": 29.0, "y": 10.0, "z": 109.0}, {"name": "wool:white", "x": 29.0, "y": 10.0, "z": 109.0}, {"name": "wool:white", "x": 29.0, "y": 10.0, "z": 109.0}, {"name": "wool:white", "x": 29.0, "y": 10.0, "z": 110.0}, {"name": "wool:white", "x": 29.0, "y": 10.0, "z": 110.0}, {"name": "wool:white", "x": 28.0, "y": 10.0, "z": 109.0}, {"name": "wool:white", "x": 28.0, "y": 10.0, "z": 109.0}, {"name": "wool:white", "x": 28.0, "y": 10.0, "z": 109.0}, {"name": "wool:white", "x": 28.0, "y": 10.0, "z": 109.0}, {"name": "wool:white", "x": 28.0, "y": 10.0, "z": 110.0}, {"name": "wool:white", "x": 28.0, "y": 10.0, "z": 110.0}, {"name": "wool:white", "x": 28.0, "y": 10.0, "z": 109.0}, {"name": "wool:white", "x": 28.0, "y": 10.0, "z": 109.0}, {"name": "wool:white", "x": 28.0, "y": 10.0, "z": 110.0}, {"name": "wool:white", "x": 28.0, "y": 10.0, "z": 110.0}, {"name": "wool:white", "x": 28.0, "y": 10.0, "z": 110.0}, {"name": "wool:white", "x": 28.0, "y": 10.0, "z": 110.0}, {"name": "wool:white", "x": 28.0, "y": 10.0, "z": 111.0}, {"name": "wool:white", "x": 28.0, "y": 10.0, "z": 111.0}, {"name": "wool:white", "x": 28.0, "y": 10.0, "z": 110.0}, {"name": "wool:white", "x": 28.0, "y": 10.0, "z": 110.0}, {"name": "wool:white", "x": 28.0, "y": 10.0, "z": 111.0}, {"name": "wool:white", "x": 28.0, "y": 10.0, "z": 111.0}, {"name": "wool:white", "x": 28.0, "y": 10.0, "z": 111.0}, {"name": "wool:white", "x": 28.0, "y": 10.0, "z": 111.0}, {"name": "wool:white", "x": 28.0, "y": 10.0, "z": 112.0}, {"name": "wool:white", "x": 28.0, "y": 10.0, "z": 112.0}, {"name": "wool:white", "x": 29.0, "y": 10.0, "z": 109.0}, {"name": "wool:white", "x": 29.0, "y": 10.0, "z": 109.0}, {"name": "wool:white", "x": 29.0, "y": 10.0, "z": 110.0}, {"name": "wool:white", "x": 29.0, "y": 10.0, "z": 110.0}, {"name": "wool:white", "x": 29.0, "y": 10.0, "z": 111.0}, {"name": "wool:white", "x": 29.0, "y": 10.0, "z": 111.0}, {"name": "wool:white", "x": 29.0, "y": 10.0, "z": 110.0}, {"name": "wool:white", "x": 29.0, "y": 10.0, "z": 110.0}, {"name": "wool:white", "x": 29.0, "y": 10.0, "z": 111.0}, {"name": "wool:white", "x": 29.0, "y": 10.0, "z": 111.0}, {"name": "wool:white", "x": 29.0, "y": 10.0, "z": 112.0}, {"name": "wool:white", "x": 29.0, "y": 10.0, "z": 112.0}, {"name": "wool:white", "x": 28.0, "y": 10.0, "z": 112.0}, {"name": "wool:white", "x": 28.0, "y": 10.0, "z": 112.0}, {"name": "wool:white", "x": 29.0, "y": 10.0, "z": 112.0}, {"name": "wool:white", "x": 29.0, "y": 10.0, "z": 112.0}, {"name": "wool:white", "x": 29.0, "y": 10.0, "z": 113.0}, {"name": "wool:white", "x": 29.0, "y": 10.0, "z": 113.0}, {"name": "wool:white", "x": 29.0, "y": 10.0, "z": 111.0}, {"name": "wool:white", "x": 29.0, "y": 10.0, "z": 111.0}, {"name": "wool:white", "x": 28.0, "y": 10.0, "z": 111.0}, {"name": "wool:white", "x": 28.0, "y": 10.0, "z": 111.0}, {"name": "wool:white", "x": 28.0, "y": 10.0, "z": 112.0}, {"name": "wool:white", "x": 28.0, "y": 10.0, "z": 112.0}, {"name": "wool:white", "x": 28.0, "y": 10.0, "z": 116.0}, {"name": "wool:white", "x": 28.0, "y": 10.0, "z": 116.0}, {"name": "wool:white", "x": 29.0, "y": 10.0, "z": 112.0}, {"name": "wool:white", "x": 29.0, "y": 10.0, "z": 112.0}, {"name": "wool:white", "x": 29.0, "y": 10.0, "z": 112.0}, {"name": "wool:white", "x": 29.0, "y": 10.0, "z": 112.0}, {"name": "wool:white", "x": 28.0, "y": 10.0, "z": 117.0}, {"name": "wool:white", "x": 28.0, "y": 10.0, "z": 117.0}, {"name": "wool:white", "x": 28.0, "y": 10.0, "z": 118.0}, {"name": "wool:white", "x": 28.0, "y": 10.0, "z": 118.0}, {"name": "wool:white", "x": 29.0, "y": 10.0, "z": 117.0}, {"name": "wool:white", "x": 29.0, "y": 10.0, "z": 117.0}, {"name": "wool:white", "x": 29.0, "y": 10.0, "z": 117.0}, {"name": "wool:white", "x": 29.0, "y": 10.0, "z": 117.0}, {"name": "wool:white", "x": 29.0, "y": 10.0, "z": 118.0}, {"name": "wool:white", "x": 29.0, "y": 10.0, "z": 118.0}, {"name": "wool:white", "x": 28.0, "y": 10.0, "z": 117.0}, {"name": "wool:white", "x": 28.0, "y": 10.0, "z": 117.0}, {"name": "wool:white", "x": 28.0, "y": 10.0, "z": 118.0}, {"name": "wool:white", "x": 28.0, "y": 10.0, "z": 118.0}, {"name": "wool:white", "x": 28.0, "y": 10.0, "z": 119.0}, {"name": "wool:white", "x": 28.0, "y": 10.0, "z": 119.0}, {"name": "wool:white", "x": 29.0, "y": 10.0, "z": 118.0}, {"name": "wool:white", "x": 29.0, "y": 10.0, "z": 118.0}, {"name": "wool:white", "x": 29.0, "y": 10.0, "z": 118.0}, {"name": "wool:white", "x": 29.0, "y": 10.0, "z": 118.0}, {"name": "wool:white", "x": 28.0, "y": 10.0, "z": 118.0}, {"name": "wool:white", "x": 28.0, "y": 10.0, "z": 118.0}, {"name": "wool:white", "x": 37.0, "y": 10.0, "z": 101.0}, {"name": "wool:white", "x": 37.0, "y": 10.0, "z": 101.0}, {"name": "wool:white", "x": 37.0, "y": 10.0, "z": 102.0}, {"name": "wool:white", "x": 37.0, "y": 10.0, "z": 102.0}, {"name": "wool:white", "x": 36.0, "y": 10.0, "z": 101.0}, {"name": "wool:white", "x": 36.0, "y": 10.0, "z": 101.0}, {"name": "wool:white", "x": 36.0, "y": 10.0, "z": 101.0}, {"name": "wool:white", "x": 36.0, "y": 10.0, "z": 101.0}, {"name": "wool:white", "x": 36.0, "y": 10.0, "z": 101.0}, {"name": "wool:white", "x": 36.0, "y": 10.0, "z": 101.0}, {"name": "wool:white", "x": 36.0, "y": 10.0, "z": 102.0}, {"name": "wool:white", "x": 36.0, "y": 10.0, "z": 102.0}, {"name": "wool:white", "x": 37.0, "y": 10.0, "z": 101.0}, {"name": "wool:white", "x": 37.0, "y": 10.0, "z": 101.0}, {"name": "wool:white", "x": 37.0, "y": 10.0, "z": 102.0}, {"name": "wool:white", "x": 37.0, "y": 10.0, "z": 102.0}, {"name": "wool:white", "x": 37.0, "y": 10.0, "z": 102.0}, {"name": "wool:white", "x": 37.0, "y": 10.0, "z": 102.0}, {"name": "wool:white", "x": 37.0, "y": 10.0, "z": 102.0}, {"name": "wool:white", "x": 37.0, "y": 10.0, "z": 102.0}, {"name": "wool:white", "x": 36.0, "y": 10.0, "z": 102.0}, {"name": "wool:white", "x": 36.0, "y": 10.0, "z": 102.0}, {"name": "wool:white", "x": 36.0, "y": 10.0, "z": 103.0}, {"name": "wool:white", "x": 36.0, "y": 10.0, "z": 103.0}, {"name": "wool:white", "x": 36.0, "y": 10.0, "z": 102.0}, {"name": "wool:white", "x": 36.0, "y": 10.0, "z": 102.0}, {"name": "wool:white", "x": 36.0, "y": 10.0, "z": 109.0}, {"name": "wool:white", "x": 36.0, "y": 10.0, "z": 109.0}, {"name": "wool:white", "x": 36.0, "y": 10.0, "z": 110.0}, {"name": "wool:white", "x": 36.0, "y": 10.0, "z": 110.0}, {"name": "wool:white", "x": 36.0, "y": 10.0, "z": 109.0}, {"name": "wool:white", "x": 36.0, "y": 10.0, "z": 109.0}, {"name": "wool:white", "x": 36.0, "y": 10.0, "z": 110.0}, {"name": "wool:white", "x": 36.0, "y": 10.0, "z": 110.0}, {"name": "wool:white", "x": 36.0, "y": 10.0, "z": 111.0}, {"name": "wool:white", "x": 36.0, "y": 10.0, "z": 111.0}, {"name": "wool:white", "x": 36.0, "y": 10.0, "z": 110.0}, {"name": "wool:white", "x": 36.0, "y": 10.0, "z": 110.0}, {"name": "wool:white", "x": 37.0, "y": 10.0, "z": 109.0}, {"name": "wool:white", "x": 37.0, "y": 10.0, "z": 109.0}, {"name": "wool:white", "x": 37.0, "y": 10.0, "z": 109.0}, {"name": "wool:white", "x": 37.0, "y": 10.0, "z": 109.0}, {"name": "wool:white", "x": 37.0, "y": 10.0, "z": 110.0}, {"name": "wool:white", "x": 37.0, "y": 10.0, "z": 110.0}, {"name": "wool:white", "x": 37.0, "y": 10.0, "z": 110.0}, {"name": "wool:white", "x": 37.0, "y": 10.0, "z": 110.0}, {"name": "wool:white", "x": 37.0, "y": 10.0, "z": 111.0}, {"name": "wool:white", "x": 37.0, "y": 10.0, "z": 111.0}, {"name": "wool:white", "x": 37.0, "y": 10.0, "z": 110.0}, {"name": "wool:white", "x": 37.0, "y": 10.0, "z": 110.0}, {"name": "wool:white", "x": 37.0, "y": 10.0, "z": 117.0}, {"name": "wool:white", "x": 37.0, "y": 10.0, "z": 117.0}, {"name": "wool:white", "x": 37.0, "y": 10.0, "z": 117.0}, {"name": "wool:white", "x": 37.0, "y": 10.0, "z": 117.0}, {"name": "wool:white", "x": 36.0, "y": 10.0, "z": 117.0}, {"name": "wool:white", "x": 36.0, "y": 10.0, "z": 117.0}, {"name": "wool:white", "x": 36.0, "y": 10.0, "z": 117.0}, {"name": "wool:white", "x": 36.0, "y": 10.0, "z": 117.0}, {"name": "wool:white", "x": 36.0, "y": 10.0, "z": 118.0}, {"name": "wool:white", "x": 36.0, "y": 10.0, "z": 118.0}, {"name": "wool:white", "x": 36.0, "y": 10.0, "z": 118.0}, {"name": "wool:white", "x": 36.0, "y": 10.0, "z": 118.0}, {"name": "wool:white", "x": 36.0, "y": 10.0, "z": 120.0}, {"name": "wool:white", "x": 36.0, "y": 10.0, "z": 120.0}, {"name": "wool:white", "x": 36.0, "y": 10.0, "z": 118.0}, {"name": "wool:white", "x": 36.0, "y": 10.0, "z": 118.0}, {"name": "wool:white", "x": 36.0, "y": 10.0, "z": 122.0}, {"name": "wool:white", "x": 36.0, "y": 10.0, "z": 122.0}, {"name": "wool:white", "x": 37.0, "y": 10.0, "z": 118.0}, {"name": "wool:white", "x": 37.0, "y": 10.0, "z": 118.0}, {"name": "wool:white", "x": 37.0, "y": 10.0, "z": 119.0}, {"name": "wool:white", "x": 37.0, "y": 10.0, "z": 119.0}, {"name": "wool:white", "x": 37.0, "y": 10.0, "z": 120.0}, {"name": "wool:white", "x": 37.0, "y": 10.0, "z": 120.0}, {"name": "wool:white", "x": 44.0, "y": 10.0, "z": 101.0}, {"name": "wool:white", "x": 44.0, "y": 10.0, "z": 101.0}, {"name": "wool:white", "x": 44.0, "y": 10.0, "z": 101.0}, {"name": "wool:white", "x": 44.0, "y": 10.0, "z": 101.0}, {"name": "wool:white", "x": 44.0, "y": 10.0, "z": 102.0}, {"name": "wool:white", "x": 44.0, "y": 10.0, "z": 102.0}, {"name": "wool:white", "x": 44.0, "y": 10.0, "z": 104.0}, {"name": "wool:white", "x": 44.0, "y": 10.0, "z": 104.0}, {"name": "wool:white", "x": 44.0, "y": 10.0, "z": 102.0}, {"name": "wool:white", "x": 44.0, "y": 10.0, "z": 102.0}, {"name": "wool:white", "x": 45.0, "y": 10.0, "z": 101.0}, {"name": "wool:white", "x": 45.0, "y": 10.0, "z": 101.0}, {"name": "wool:white", "x": 45.0, "y": 10.0, "z": 102.0}, {"name": "wool:white", "x": 45.0, "y": 10.0, "z": 102.0}, {"name": "wool:white", "x": 45.0, "y": 10.0, "z": 102.0}, {"name": "wool:white", "x": 45.0, "y": 10.0, "z": 102.0}, {"name": "wool:white", "x": 45.0, "y": 10.0, "z": 108.0}, {"name": "wool:white", "x": 45.0, "y": 10.0, "z": 108.0}, {"name": "wool:white", "x": 45.0, "y": 10.0, "z": 101.0}, {"name": "wool:white", "x": 45.0, "y": 10.0, "z": 101.0}, {"name": "wool:white", "x": 45.0, "y": 10.0, "z": 102.0}, {"name": "wool:white", "x": 45.0, "y": 10.0, "z": 102.0}, {"name": "wool:white", "x": 45.0, "y": 10.0, "z": 102.0}, {"name": "wool:white", "x": 45.0, "y": 10.0, "z": 102.0}, {"name": "wool:white", "x": 45.0, "y": 10.0, "z": 104.0}, {"name": "wool:white", "x": 45.0, "y": 10.0, "z": 104.0}, {"name": "wool:white", "x": 44.0, "y": 10.0, "z": 109.0}, {"name": "wool:white", "x": 44.0, "y": 10.0, "z": 109.0}, {"name": "wool:white", "x": 44.0, "y": 10.0, "z": 109.0}, {"name": "wool:white", "x": 44.0, "y": 10.0, "z": 109.0}, {"name": "wool:white", "x": 44.0, "y": 10.0, "z": 110.0}, {"name": "wool:white", "x": 44.0, "y": 10.0, "z": 110.0}, {"name": "wool:white", "x": 44.0, "y": 10.0, "z": 110.0}, {"name": "wool:white", "x": 44.0, "y": 10.0, "z": 110.0}, {"name": "wool:white", "x": 45.0, "y": 10.0, "z": 109.0}, {"name": "wool:white", "x": 45.0, "y": 10.0, "z": 109.0}, {"name": "wool:white", "x": 45.0, "y": 10.0, "z": 110.0}, {"name": "wool:white", "x": 45.0, "y": 10.0, "z": 110.0}, {"name": "wool:white", "x": 45.0, "y": 10.0, "z": 109.0}, {"name": "wool:white", "x": 45.0, "y": 10.0, "z": 109.0}, {"name": "wool:white", "x": 45.0, "y": 10.0, "z": 110.0}, {"name": "wool:white", "x": 45.0, "y": 10.0, "z": 110.0}, {"name": "wool:white", "x": 45.0, "y": 10.0, "z": 112.0}, {"name": "wool:white", "x": 45.0, "y": 10.0, "z": 112.0}, {"name": "wool:white", "x": 45.0, "y": 10.0, "z": 110.0}, {"name": "wool:white", "x": 45.0, "y": 10.0, "z": 110.0}, {"name": "wool:white", "x": 45.0, "y": 10.0, "z": 117.0}, {"name": "wool:white", "x": 45.0, "y": 10.0, "z": 117.0}, {"name": "wool:white", "x": 44.0, "y": 10.0, "z": 117.0}, {"name": "wool:white", "x": 44.0, "y": 10.0, "z": 117.0}, {"name": "wool:white", "x": 44.0, "y": 10.0, "z": 117.0}, {"name": "wool:white", "x": 44.0, "y": 10.0, "z": 117.0}, {"name": "wool:white", "x": 44.0, "y": 10.0, "z": 118.0}, {"name": "wool:white", "x": 44.0, "y": 10.0, "z": 118.0}, {"name": "wool:white", "x": 44.0, "y": 10.0, "z": 118.0}, {"name": "wool:white", "x": 44.0, "y": 10.0, "z": 118.0}, {"name": "wool:white", "x": 44.0, "y": 10.0, "z": 118.0}, {"name": "wool:white", "x": 44.0, "y": 10.0, "z": 118.0}, {"name": "wool:white", "x": 45.0, "y": 10.0, "z": 117.0}, {"name": "wool:white", "x": 45.0, "y": 10.0, "z": 117.0}, {"name": "wool:white", "x": 45.0, "y": 10.0, "z": 118.0}, {"name": "wool:white", "x": 45.0, "y": 10.0, "z": 118.0}, {"name": "wool:white", "x": 45.0, "y": 10.0, "z": 118.0}, {"name": "wool:white", "x": 45.0, "y": 10.0, "z": 118.0}, {"name": "wool:white", "x": 44.0, "y": 10.0, "z": 125.0}, {"name": "wool:white", "x": 44.0, "y": 10.0, "z": 125.0}, {"name": "wool:white", "x": 44.0, "y": 10.0, "z": 125.0}, {"name": "wool:white", "x": 44.0, "y": 10.0, "z": 125.0}, {"name": "wool:white", "x": 44.0, "y": 10.0, "z": 126.0}, {"name": "wool:white", "x": 44.0, "y": 10.0, "z": 126.0}, {"name": "wool:white", "x": 44.0, "y": 10.0, "z": 126.0}, {"name": "wool:white", "x": 44.0, "y": 10.0, "z": 126.0}, {"name": "wool:white", "x": 44.0, "y": 10.0, "z": 127.0}, {"name": "wool:white", "x": 44.0, "y": 10.0, "z": 127.0}, {"name": "wool:white", "x": 44.0, "y": 10.0, "z": 127.0}, {"name": "wool:white", "x": 44.0, "y": 10.0, "z": 127.0}, {"name": "wool:white", "x": 44.0, "y": 10.0, "z": 127.0}, {"name": "wool:white", "x": 44.0, "y": 10.0, "z": 127.0}, {"name": "wool:white", "x": 44.0, "y": 10.0, "z": 128.0}, {"name": "wool:white", "x": 44.0, "y": 10.0, "z": 128.0}, {"name": "wool:white", "x": 44.0, "y": 10.0, "z": 128.0}, {"name": "wool:white", "x": 44.0, "y": 10.0, "z": 128.0}, {"name": "wool:white", "x": 44.0, "y": 10.0, "z": 129.0}, {"name": "wool:white", "x": 44.0, "y": 10.0, "z": 129.0}, {"name": "wool:white", "x": 45.0, "y": 10.0, "z": 125.0}, {"name": "wool:white", "x": 45.0, "y": 10.0, "z": 125.0}, {"name": "wool:white", "x": 45.0, "y": 10.0, "z": 126.0}, {"name": "wool:white", "x": 45.0, "y": 10.0, "z": 126.0}, {"name": "wool:white", "x": 45.0, "y": 10.0, "z": 125.0}, {"name": "wool:white", "x": 45.0, "y": 10.0, "z": 125.0}, {"name": "wool:white", "x": 45.0, "y": 10.0, "z": 126.0}, {"name": "wool:white", "x": 45.0, "y": 10.0, "z": 126.0}, {"name": "wool:white", "x": 45.0, "y": 10.0, "z": 127.0}, {"name": "wool:white", "x": 45.0, "y": 10.0, "z": 127.0}, {"name": "wool:white", "x": 45.0, "y": 10.0, "z": 127.0}, {"name": "wool:white", "x": 45.0, "y": 10.0, "z": 127.0}, {"name": "wool:white", "x": 45.0, "y": 10.0, "z": 128.0}, {"name": "wool:white", "x": 45.0, "y": 10.0, "z": 128.0}, {"name": "wool:white", "x": 45.0, "y": 10.0, "z": 125.0}, {"name": "wool:white", "x": 45.0, "y": 10.0, "z": 125.0}, {"name": "wool:white", "x": 45.0, "y": 10.0, "z": 128.0}, {"name": "wool:white", "x": 45.0, "y": 10.0, "z": 128.0}, {"name": "wool:white", "x": 45.0, "y": 10.0, "z": 126.0}, {"name": "wool:white", "x": 45.0, "y": 10.0, "z": 126.0}, {"name": "wool:white", "x": 45.0, "y": 10.0, "z": 128.0}, {"name": "wool:white", "x": 45.0, "y": 10.0, "z": 128.0}, {"name": "wool:white", "x": 45.0, "y": 10.0, "z": 127.0}, {"name": "wool:white", "x": 45.0, "y": 10.0, "z": 127.0}, {"name": "wool:white", "x": 45.0, "y": 10.0, "z": 128.0}, {"name": "wool:white", "x": 45.0, "y": 10.0, "z": 128.0}, {"name": "wool:white", "x": 45.0, "y": 10.0, "z": 128.0}, {"name": "wool:white", "x": 45.0, "y": 10.0, "z": 128.0}, {"name": "wool:white", "x": 44.0, "y": 10.0, "z": 133.0}, {"name": "wool:white", "x": 44.0, "y": 10.0, "z": 133.0}, {"name": "wool:white", "x": 44.0, "y": 10.0, "z": 133.0}, {"name": "wool:white", "x": 44.0, "y": 10.0, "z": 133.0}, {"name": "wool:white", "x": 44.0, "y": 10.0, "z": 134.0}, {"name": "wool:white", "x": 44.0, "y": 10.0, "z": 134.0}, {"name": "wool:white", "x": 45.0, "y": 10.0, "z": 133.0}, {"name": "wool:white", "x": 45.0, "y": 10.0, "z": 133.0}, {"name": "wool:white", "x": 45.0, "y": 10.0, "z": 134.0}, {"name": "wool:white", "x": 45.0, "y": 10.0, "z": 134.0}, {"name": "wool:white", "x": 45.0, "y": 10.0, "z": 133.0}, {"name": "wool:white", "x": 45.0, "y": 10.0, "z": 133.0}, {"name": "wool:white", "x": 45.0, "y": 10.0, "z": 134.0}, {"name": "wool:white", "x": 45.0, "y": 10.0, "z": 134.0}, {"name": "wool:white", "x": 44.0, "y": 10.0, "z": 134.0}, {"name": "wool:white", "x": 44.0, "y": 10.0, "z": 134.0}, {"name": "wool:white", "x": 44.0, "y": 10.0, "z": 135.0}, {"name": "wool:white", "x": 44.0, "y": 10.0, "z": 135.0}, {"name": "wool:white", "x": 44.0, "y": 10.0, "z": 134.0}, {"name": "wool:white", "x": 44.0, "y": 10.0, "z": 134.0}, {"name": "wool:white", "x": 44.0, "y": 10.0, "z": 135.0}, {"name": "wool:white", "x": 44.0, "y": 10.0, "z": 135.0}, {"name": "wool:white", "x": 44.0, "y": 10.0, "z": 136.0}, {"name": "wool:white", "x": 44.0, "y": 10.0, "z": 136.0}, {"name": "wool:white", "x": 44.0, "y": 10.0, "z": 135.0}, {"name": "wool:white", "x": 44.0, "y": 10.0, "z": 135.0}, {"name": "wool:white", "x": 45.0, "y": 10.0, "z": 134.0}, {"name": "wool:white", "x": 45.0, "y": 10.0, "z": 134.0}, {"name": "wool:white", "x": 45.0, "y": 10.0, "z": 135.0}, {"name": "wool:white", "x": 45.0, "y": 10.0, "z": 135.0}, {"name": "wool:white", "x": 45.0, "y": 10.0, "z": 135.0}, {"name": "wool:white", "x": 45.0, "y": 10.0, "z": 135.0}, {"name": "wool:white", "x": 45.0, "y": 10.0, "z": 135.0}, {"name": "wool:white", "x": 45.0, "y": 10.0, "z": 135.0}, {"name": "wool:white", "x": 45.0, "y": 10.0, "z": 136.0}, {"name": "wool:white", "x": 45.0, "y": 10.0, "z": 136.0}, {"name": "wool:white", "x": 44.0, "y": 10.0, "z": 135.0}, {"name": "wool:white", "x": 44.0, "y": 10.0, "z": 135.0}, {"name": "wool:white", "x": 44.0, "y": 10.0, "z": 136.0}, {"name": "wool:white", "x": 44.0, "y": 10.0, "z": 136.0}, {"name": "wool:white", "x": 44.0, "y": 10.0, "z": 136.0}, {"name": "wool:white", "x": 44.0, "y": 10.0, "z": 136.0}, {"name": "wool:white", "x": 45.0, "y": 10.0, "z": 136.0}, {"name": "wool:white", "x": 45.0, "y": 10.0, "z": 136.0}, {"name": "wool:white", "x": 45.0, "y": 10.0, "z": 136.0}, {"name": "wool:white", "x": 45.0, "y": 10.0, "z": 136.0}, {"name": "wool:white", "x": 44.0, "y": 10.0, "z": 136.0}, {"name": "wool:white", "x": 44.0, "y": 10.0, "z": 136.0}, {"name": "wool:white", "x": 56.0, "y": 10.0, "z": 101.0}, {"name": "wool:white", "x": 56.0, "y": 10.0, "z": 101.0}, {"name": "wool:white", "x": 56.0, "y": 10.0, "z": 102.0}, {"name": "wool:white", "x": 56.0, "y": 10.0, "z": 102.0}, {"name": "wool:white", "x": 56.0, "y": 10.0, "z": 101.0}, {"name": "wool:white", "x": 56.0, "y": 10.0, "z": 101.0}, {"name": "wool:white", "x": 57.0, "y": 10.0, "z": 101.0}, {"name": "wool:white", "x": 57.0, "y": 10.0, "z": 101.0}, {"name": "wool:white", "x": 57.0, "y": 10.0, "z": 101.0}, {"name": "wool:white", "x": 57.0, "y": 10.0, "z": 101.0}, {"name": "wool:white", "x": 57.0, "y": 10.0, "z": 102.0}, {"name": "wool:white", "x": 57.0, "y": 10.0, "z": 102.0}, {"name": "wool:white", "x": 57.0, "y": 10.0, "z": 102.0}, {"name": "wool:white", "x": 57.0, "y": 10.0, "z": 102.0}, {"name": "wool:white", "x": 57.0, "y": 10.0, "z": 102.0}, {"name": "wool:white", "x": 57.0, "y": 10.0, "z": 102.0}, {"name": "wool:white", "x": 56.0, "y": 10.0, "z": 102.0}, {"name": "wool:white", "x": 56.0, "y": 10.0, "z": 102.0}, {"name": "wool:white", "x": 56.0, "y": 10.0, "z": 103.0}, {"name": "wool:white", "x": 56.0, "y": 10.0, "z": 103.0}, {"name": "wool:white", "x": 56.0, "y": 10.0, "z": 102.0}, {"name": "wool:white", "x": 56.0, "y": 10.0, "z": 102.0}, {"name": "wool:white", "x": 56.0, "y": 10.0, "z": 103.0}, {"name": "wool:white", "x": 56.0, "y": 10.0, "z": 103.0}, {"name": "wool:white", "x": 57.0, "y": 10.0, "z": 102.0}, {"name": "wool:white", "x": 57.0, "y": 10.0, "z": 102.0}, {"name": "wool:white", "x": 57.0, "y": 10.0, "z": 103.0}, {"name": "wool:white", "x": 57.0, "y": 10.0, "z": 103.0}, {"name": "wool:white", "x": 57.0, "y": 10.0, "z": 102.0}, {"name": "wool:white", "x": 57.0, "y": 10.0, "z": 102.0}, {"name": "wool:white", "x": 57.0, "y": 10.0, "z": 103.0}, {"name": "wool:white", "x": 57.0, "y": 10.0, "z": 103.0}, {"name": "wool:white", "x": 57.0, "y": 10.0, "z": 103.0}, {"name": "wool:white", "x": 57.0, "y": 10.0, "z": 103.0}, {"name": "wool:white", "x": 57.0, "y": 10.0, "z": 104.0}, {"name": "wool:white", "x": 57.0, "y": 10.0, "z": 104.0}, {"name": "wool:white", "x": 57.0, "y": 10.0, "z": 104.0}, {"name": "wool:white", "x": 57.0, "y": 10.0, "z": 104.0}, {"name": "wool:white", "x": 56.0, "y": 10.0, "z": 103.0}, {"name": "wool:white", "x": 56.0, "y": 10.0, "z": 103.0}, {"name": "wool:white", "x": 56.0, "y": 10.0, "z": 104.0}, {"name": "wool:white", "x": 56.0, "y": 10.0, "z": 104.0}, {"name": "wool:white", "x": 56.0, "y": 10.0, "z": 103.0}, {"name": "wool:white", "x": 56.0, "y": 10.0, "z": 103.0}, {"name": "wool:white", "x": 56.0, "y": 10.0, "z": 104.0}, {"name": "wool:white", "x": 56.0, "y": 10.0, "z": 104.0}, {"name": "wool:white", "x": 56.0, "y": 10.0, "z": 106.0}, {"name": "wool:white", "x": 56.0, "y": 10.0, "z": 106.0}, {"name": "wool:white", "x": 57.0, "y": 10.0, "z": 103.0}, {"name": "wool:white", "x": 57.0, "y": 10.0, "z": 103.0}, {"name": "wool:white", "x": 57.0, "y": 10.0, "z": 104.0}, {"name": "wool:white", "x": 57.0, "y": 10.0, "z": 104.0}, {"name": "wool:white", "x": 57.0, "y": 10.0, "z": 104.0}, {"name": "wool:white", "x": 57.0, "y": 10.0, "z": 104.0}, {"name": "wool:white", "x": 56.0, "y": 10.0, "z": 104.0}, {"name": "wool:white", "x": 56.0, "y": 10.0, "z": 104.0}, {"name": "wool:white", "x": 56.0, "y": 10.0, "z": 109.0}, {"name": "wool:white", "x": 56.0, "y": 10.0, "z": 109.0}, {"name": "wool:white", "x": 56.0, "y": 10.0, "z": 110.0}, {"name": "wool:white", "x": 56.0, "y": 10.0, "z": 110.0}, {"name": "wool:white", "x": 57.0, "y": 10.0, "z": 109.0}, {"name": "wool:white", "x": 57.0, "y": 10.0, "z": 109.0}, {"name": "wool:white", "x": 56.0, "y": 10.0, "z": 109.0}, {"name": "wool:white", "x": 56.0, "y": 10.0, "z": 109.0}, {"name": "wool:white", "x": 56.0, "y": 10.0, "z": 110.0}, {"name": "wool:white", "x": 56.0, "y": 10.0, "z": 110.0}, {"name": "wool:white", "x": 56.0, "y": 10.0, "z": 110.0}, {"name": "wool:white", "x": 56.0, "y": 10.0, "z": 110.0}, {"name": "wool:white", "x": 56.0, "y": 10.0, "z": 110.0}, {"name": "wool:white", "x": 56.0, "y": 10.0, "z": 110.0}, {"name": "wool:white", "x": 56.0, "y": 10.0, "z": 111.0}, {"name": "wool:white", "x": 56.0, "y": 10.0, "z": 110.0}, {"name": "wool:white", "x": 57.0, "y": 10.0, "z": 110.0}, {"name": "wool:white", "x": 57.0, "y": 10.0, "z": 110.0}, {"name": "wool:white", "x": 57.0, "y": 10.0, "z": 110.0}, {"name": "wool:white", "x": 57.0, "y": 10.0, "z": 110.0}, {"name": "wool:white", "x": 56.0, "y": 10.0, "z": 117.0}, {"name": "wool:white", "x": 56.0, "y": 10.0, "z": 117.0}, {"name": "wool:white", "x": 57.0, "y": 10.0, "z": 117.0}, {"name": "wool:white", "x": 57.0, "y": 10.0, "z": 117.0}, {"name": "wool:white", "x": 57.0, "y": 10.0, "z": 117.0}, {"name": "wool:white", "x": 57.0, "y": 10.0, "z": 117.0}, {"name": "wool:white", "x": 57.0, "y": 10.0, "z": 118.0}, {"name": "wool:white", "x": 57.0, "y": 10.0, "z": 118.0}, {"name": "wool:white", "x": 56.0, "y": 10.0, "z": 117.0}, {"name": "wool:white", "x": 56.0, "y": 10.0, "z": 117.0}, {"name": "wool:white", "x": 56.0, "y": 10.0, "z": 118.0}, {"name": "wool:white", "x": 56.0, "y": 10.0, "z": 118.0}, {"name": "wool:white", "x": 56.0, "y": 10.0, "z": 118.0}, {"name": "wool:white", "x": 56.0, "y": 10.0, "z": 118.0}, {"name": "wool:white", "x": 56.0, "y": 10.0, "z": 118.0}, {"name": "wool:white", "x": 56.0, "y": 10.0, "z": 118.0}, {"name": "wool:white", "x": 56.0, "y": 10.0, "z": 118.0}, {"name": "wool:white", "x": 56.0, "y": 10.0, "z": 118.0}, {"name": "wool:white", "x": 56.0, "y": 10.0, "z": 119.0}, {"name": "wool:white", "x": 56.0, "y": 10.0, "z": 119.0}, {"name": "wool:white", "x": 56.0, "y": 10.0, "z": 119.0}, {"name": "wool:white", "x": 56.0, "y": 10.0, "z": 119.0}, {"name": "wool:white", "x": 57.0, "y": 10.0, "z": 118.0}, {"name": "wool:white", "x": 57.0, "y": 10.0, "z": 118.0}, {"name": "wool:white", "x": 57.0, "y": 10.0, "z": 119.0}, {"name": "wool:white", "x": 57.0, "y": 10.0, "z": 119.0}, {"name": "wool:white", "x": 57.0, "y": 10.0, "z": 118.0}, {"name": "wool:white", "x": 57.0, "y": 10.0, "z": 118.0}, {"name": "wool:white", "x": 57.0, "y": 10.0, "z": 119.0}, {"name": "wool:white", "x": 57.0, "y": 10.0, "z": 119.0}, {"name": "wool:white", "x": 57.0, "y": 10.0, "z": 120.0}, {"name": "wool:white", "x": 57.0, "y": 10.0, "z": 120.0}, {"name": "wool:white", "x": 57.0, "y": 10.0, "z": 120.0}, {"name": "wool:white", "x": 57.0, "y": 10.0, "z": 120.0}, {"name": "wool:white", "x": 57.0, "y": 10.0, "z": 120.0}, {"name": "wool:white", "x": 57.0, "y": 10.0, "z": 120.0}, {"name": "wool:white", "x": 57.0, "y": 10.0, "z": 120.0}, {"name": "wool:white", "x": 57.0, "y": 10.0, "z": 120.0}, {"name": "wool:white", "x": 57.0, "y": 10.0, "z": 120.0}, {"name": "wool:white", "x": 57.0, "y": 10.0, "z": 120.0}, {"name": "wool:white", "x": 57.0, "y": 10.0, "z": 121.0}, {"name": "wool:white", "x": 57.0, "y": 10.0, "z": 121.0}, {"name": "wool:white", "x": 57.0, "y": 10.0, "z": 120.0}, {"name": "wool:white", "x": 57.0, "y": 10.0, "z": 120.0}, {"name": "wool:white", "x": 57.0, "y": 10.0, "z": 120.0}, {"name": "wool:white", "x": 57.0, "y": 10.0, "z": 120.0}, {"name": "wool:white", "x": 57.0, "y": 10.0, "z": 121.0}, {"name": "wool:white", "x": 57.0, "y": 10.0, "z": 121.0}, {"name": "wool:white", "x": 56.0, "y": 10.0, "z": 120.0}, {"name": "wool:white", "x": 56.0, "y": 10.0, "z": 120.0}, {"name": "wool:white", "x": 56.0, "y": 10.0, "z": 121.0}, {"name": "wool:white", "x": 56.0, "y": 10.0, "z": 120.0}, {"name": "wool:white", "x": 56.0, "y": 10.0, "z": 121.0}, {"name": "wool:white", "x": 56.0, "y": 10.0, "z": 121.0}, {"name": "wool:white", "x": 56.0, "y": 10.0, "z": 125.0}, {"name": "wool:white", "x": 56.0, "y": 10.0, "z": 125.0}, {"name": "wool:white", "x": 57.0, "y": 10.0, "z": 125.0}, {"name": "wool:white", "x": 57.0, "y": 10.0, "z": 125.0}, {"name": "wool:white", "x": 56.0, "y": 10.0, "z": 125.0}, {"name": "wool:white", "x": 56.0, "y": 10.0, "z": 125.0}, {"name": "wool:white", "x": 57.0, "y": 10.0, "z": 125.0}, {"name": "wool:white", "x": 57.0, "y": 10.0, "z": 125.0}, {"name": "wool:white", "x": 57.0, "y": 10.0, "z": 126.0}, {"name": "wool:white", "x": 57.0, "y": 10.0, "z": 126.0}, {"name": "wool:white", "x": 56.0, "y": 10.0, "z": 125.0}, {"name": "wool:white", "x": 56.0, "y": 10.0, "z": 125.0}, {"name": "wool:white", "x": 56.0, "y": 10.0, "z": 126.0}, {"name": "wool:white", "x": 56.0, "y": 10.0, "z": 126.0}, {"name": "wool:white", "x": 56.0, "y": 10.0, "z": 127.0}, {"name": "wool:white", "x": 56.0, "y": 10.0, "z": 127.0}, {"name": "wool:white", "x": 56.0, "y": 10.0, "z": 126.0}, {"name": "wool:white", "x": 56.0, "y": 10.0, "z": 126.0}, {"name": "wool:white", "x": 57.0, "y": 10.0, "z": 126.0}, {"name": "wool:white", "x": 57.0, "y": 10.0, "z": 126.0}, {"name": "wool:white", "x": 65.0, "y": 10.0, "z": 101.0}, {"name": "wool:white", "x": 65.0, "y": 10.0, "z": 101.0}, {"name": "wool:white", "x": 64.0, "y": 10.0, "z": 101.0}, {"name": "wool:white", "x": 64.0, "y": 10.0, "z": 101.0}, {"name": "wool:white", "x": 65.0, "y": 10.0, "z": 101.0}, {"name": "wool:white", "x": 65.0, "y": 10.0, "z": 101.0}, {"name": "wool:white", "x": 65.0, "y": 10.0, "z": 102.0}, {"name": "wool:white", "x": 65.0, "y": 10.0, "z": 102.0}, {"name": "wool:white", "x": 65.0, "y": 10.0, "z": 101.0}, {"name": "wool:white", "x": 65.0, "y": 10.0, "z": 101.0}, {"name": "wool:white", "x": 65.0, "y": 10.0, "z": 101.0}, {"name": "wool:white", "x": 65.0, "y": 10.0, "z": 101.0}, {"name": "wool:white", "x": 64.0, "y": 10.0, "z": 101.0}, {"name": "wool:white", "x": 64.0, "y": 10.0, "z": 101.0}, {"name": "wool:white", "x": 64.0, "y": 10.0, "z": 102.0}, {"name": "wool:white", "x": 64.0, "y": 10.0, "z": 102.0}, {"name": "wool:white", "x": 64.0, "y": 10.0, "z": 102.0}, {"name": "wool:white", "x": 64.0, "y": 10.0, "z": 102.0}, {"name": "wool:white", "x": 65.0, "y": 10.0, "z": 102.0}, {"name": "wool:white", "x": 65.0, "y": 10.0, "z": 102.0}, {"name": "wool:white", "x": 66.0, "y": 10.0, "z": 103.0}, {"name": "wool:white", "x": 66.0, "y": 10.0, "z": 103.0}, {"name": "wool:white", "x": 65.0, "y": 10.0, "z": 102.0}, {"name": "wool:white", "x": 65.0, "y": 10.0, "z": 102.0}, {"name": "wool:white", "x": 65.0, "y": 10.0, "z": 102.0}, {"name": "wool:white", "x": 65.0, "y": 10.0, "z": 102.0}, {"name": "wool:white", "x": 65.0, "y": 10.0, "z": 103.0}, {"name": "wool:white", "x": 65.0, "y": 10.0, "z": 103.0}, {"name": "wool:white", "x": 64.0, "y": 10.0, "z": 103.0}, {"name": "wool:white", "x": 64.0, "y": 10.0, "z": 103.0}, {"name": "wool:white", "x": 65.0, "y": 10.0, "z": 103.0}, {"name": "wool:white", "x": 65.0, "y": 10.0, "z": 103.0}, {"name": "wool:white", "x": 65.0, "y": 10.0, "z": 104.0}, {"name": "wool:white", "x": 65.0, "y": 10.0, "z": 104.0}, {"name": "wool:white", "x": 64.0, "y": 10.0, "z": 103.0}, {"name": "wool:white", "x": 64.0, "y": 10.0, "z": 103.0}, {"name": "wool:white", "x": 64.0, "y": 10.0, "z": 104.0}, {"name": "wool:white", "x": 64.0, "y": 10.0, "z": 104.0}, {"name": "wool:white", "x": 64.0, "y": 10.0, "z": 106.0}, {"name": "wool:white", "x": 64.0, "y": 10.0, "z": 106.0}, {"name": "wool:white", "x": 64.0, "y": 10.0, "z": 104.0}, {"name": "wool:white", "x": 64.0, "y": 10.0, "z": 104.0}, {"name": "wool:white", "x": 65.0, "y": 10.0, "z": 104.0}, {"name": "wool:white", "x": 65.0, "y": 10.0, "z": 104.0}, {"name": "wool:white", "x": 65.0, "y": 10.0, "z": 104.0}, {"name": "wool:white", "x": 65.0, "y": 10.0, "z": 104.0}, {"name": "wool:white", "x": 65.0, "y": 10.0, "z": 109.0}, {"name": "wool:white", "x": 65.0, "y": 10.0, "z": 109.0}, {"name": "wool:white", "x": 65.0, "y": 10.0, "z": 110.0}, {"name": "wool:white", "x": 65.0, "y": 10.0, "z": 110.0}, {"name": "wool:white", "x": 65.0, "y": 10.0, "z": 109.0}, {"name": "wool:white", "x": 65.0, "y": 10.0, "z": 109.0}, {"name": "wool:white", "x": 64.0, "y": 10.0, "z": 109.0}, {"name": "wool:white", "x": 64.0, "y": 10.0, "z": 109.0}, {"name": "wool:white", "x": 64.0, "y": 10.0, "z": 109.0}, {"name": "wool:white", "x": 64.0, "y": 10.0, "z": 109.0}, {"name": "wool:white", "x": 64.0, "y": 10.0, "z": 110.0}, {"name": "wool:white", "x": 64.0, "y": 10.0, "z": 110.0}, {"name": "wool:white", "x": 64.0, "y": 10.0, "z": 110.0}, {"name": "wool:white", "x": 64.0, "y": 10.0, "z": 110.0}, {"name": "wool:white", "x": 64.0, "y": 10.0, "z": 111.0}, {"name": "wool:white", "x": 64.0, "y": 10.0, "z": 111.0}, {"name": "wool:white", "x": 64.0, "y": 10.0, "z": 111.0}, {"name": "wool:white", "x": 64.0, "y": 10.0, "z": 111.0}, {"name": "wool:white", "x": 65.0, "y": 10.0, "z": 110.0}, {"name": "wool:white", "x": 65.0, "y": 10.0, "z": 110.0}, {"name": "wool:white", "x": 65.0, "y": 10.0, "z": 111.0}, {"name": "wool:white", "x": 65.0, "y": 10.0, "z": 111.0}, {"name": "wool:white", "x": 65.0, "y": 10.0, "z": 111.0}, {"name": "wool:white", "x": 65.0, "y": 10.0, "z": 111.0}, {"name": "wool:white", "x": 65.0, "y": 10.0, "z": 111.0}, {"name": "wool:white", "x": 65.0, "y": 10.0, "z": 111.0}, {"name": "wool:white", "x": 64.0, "y": 10.0, "z": 111.0}, {"name": "wool:white", "x": 64.0, "y": 10.0, "z": 111.0}, {"name": "wool:white", "x": 64.0, "y": 10.0, "z": 112.0}, {"name": "wool:white", "x": 64.0, "y": 10.0, "z": 112.0}, {"name": "wool:white", "x": 64.0, "y": 10.0, "z": 112.0}, {"name": "wool:white", "x": 64.0, "y": 10.0, "z": 112.0}, {"name": "wool:white", "x": 64.0, "y": 10.0, "z": 112.0}, {"name": "wool:white", "x": 64.0, "y": 10.0, "z": 112.0}, {"name": "wool:white", "x": 65.0, "y": 10.0, "z": 112.0}, {"name": "wool:white", "x": 65.0, "y": 10.0, "z": 112.0}, {"name": "wool:white", "x": 65.0, "y": 10.0, "z": 112.0}, {"name": "wool:white", "x": 65.0, "y": 10.0, "z": 112.0}, {"name": "wool:white", "x": 65.0, "y": 10.0, "z": 113.0}, {"name": "wool:white", "x": 65.0, "y": 10.0, "z": 113.0}, {"name": "wool:white", "x": 64.0, "y": 10.0, "z": 113.0}, {"name": "wool:white", "x": 64.0, "y": 10.0, "z": 113.0}, {"name": "wool:white", "x": 64.0, "y": 10.0, "z": 114.0}, {"name": "wool:white", "x": 64.0, "y": 10.0, "z": 114.0}, {"name": "wool:white", "x": 65.0, "y": 10.0, "z": 112.0}, {"name": "wool:white", "x": 65.0, "y": 10.0, "z": 112.0}, {"name": "wool:white", "x": 65.0, "y": 10.0, "z": 112.0}, {"name": "wool:white", "x": 65.0, "y": 10.0, "z": 112.0}, {"name": "wool:white", "x": 65.0, "y": 10.0, "z": 112.0}, {"name": "wool:white", "x": 65.0, "y": 10.0, "z": 112.0}, {"name": "wool:white", "x": 65.0, "y": 10.0, "z": 113.0}, {"name": "wool:white", "x": 65.0, "y": 10.0, "z": 113.0}, {"name": "wool:white", "x": 64.0, "y": 10.0, "z": 117.0}, {"name": "wool:white", "x": 64.0, "y": 10.0, "z": 117.0}, {"name": "wool:white", "x": 64.0, "y": 10.0, "z": 118.0}, {"name": "wool:white", "x": 64.0, "y": 10.0, "z": 118.0}, {"name": "wool:white", "x": 64.0, "y": 10.0, "z": 119.0}, {"name": "wool:white", "x": 64.0, "y": 10.0, "z": 119.0}, {"name": "wool:white", "x": 64.0, "y": 10.0, "z": 117.0}, {"name": "wool:white", "x": 64.0, "y": 10.0, "z": 117.0}, {"name": "wool:white", "x": 64.0, "y": 10.0, "z": 117.0}, {"name": "wool:white", "x": 64.0, "y": 10.0, "z": 117.0}, {"name": "wool:white", "x": 64.0, "y": 10.0, "z": 118.0}, {"name": "wool:white", "x": 64.0, "y": 10.0, "z": 118.0}, {"name": "wool:white", "x": 64.0, "y": 10.0, "z": 118.0}, {"name": "wool:white", "x": 64.0, "y": 10.0, "z": 118.0}, {"name": "wool:white", "x": 64.0, "y": 10.0, "z": 119.0}, {"name": "wool:white", "x": 64.0, "y": 10.0, "z": 119.0}, {"name": "wool:white", "x": 64.0, "y": 10.0, "z": 120.0}, {"name": "wool:white", "x": 64.0, "y": 10.0, "z": 120.0}, {"name": "wool:white", "x": 65.0, "y": 10.0, "z": 117.0}, {"name": "wool:white", "x": 65.0, "y": 10.0, "z": 117.0}, {"name": "wool:white", "x": 65.0, "y": 10.0, "z": 118.0}, {"name": "wool:white", "x": 65.0, "y": 10.0, "z": 118.0}, {"name": "wool:white", "x": 65.0, "y": 10.0, "z": 118.0}, {"name": "wool:white", "x": 65.0, "y": 10.0, "z": 118.0}, {"name": "wool:white", "x": 65.0, "y": 10.0, "z": 118.0}, {"name": "wool:white", "x": 65.0, "y": 10.0, "z": 118.0}, {"name": "wool:white", "x": 65.0, "y": 10.0, "z": 118.0}, {"name": "wool:white", "x": 65.0, "y": 10.0, "z": 118.0}, {"name": "wool:white", "x": 65.0, "y": 10.0, "z": 119.0}, {"name": "wool:white", "x": 65.0, "y": 10.0, "z": 119.0}, {"name": "wool:white", "x": 65.0, "y": 10.0, "z": 119.0}, {"name": "wool:white", "x": 65.0, "y": 10.0, "z": 119.0}, {"name": "wool:white", "x": 65.0, "y": 10.0, "z": 119.0}, {"name": "wool:white", "x": 65.0, "y": 10.0, "z": 119.0}, {"name": "wool:white", "x": 65.0, "y": 10.0, "z": 120.0}, {"name": "wool:white", "x": 65.0, "y": 10.0, "z": 120.0}, {"name": "wool:white", "x": 65.0, "y": 10.0, "z": 119.0}, {"name": "wool:white", "x": 65.0, "y": 10.0, "z": 119.0}, {"name": "wool:white", "x": 64.0, "y": 10.0, "z": 119.0}, {"name": "wool:white", "x": 64.0, "y": 10.0, "z": 119.0}, {"name": "wool:white", "x": 64.0, "y": 10.0, "z": 120.0}, {"name": "wool:white", "x": 64.0, "y": 10.0, "z": 120.0}, {"name": "wool:white", "x": 64.0, "y": 10.0, "z": 120.0}, {"name": "wool:white", "x": 64.0, "y": 10.0, "z": 120.0}, {"name": "wool:white", "x": 65.0, "y": 10.0, "z": 120.0}, {"name": "wool:white", "x": 65.0, "y": 10.0, "z": 120.0}, {"name": "wool:white", "x": 65.0, "y": 10.0, "z": 120.0}, {"name": "wool:white", "x": 65.0, "y": 10.0, "z": 120.0}, {"name": "wool:white", "x": 65.0, "y": 10.0, "z": 122.0}, {"name": "wool:white", "x": 65.0, "y": 10.0, "z": 122.0}, {"name": "wool:white", "x": 64.0, "y": 10.0, "z": 125.0}, {"name": "wool:white", "x": 64.0, "y": 10.0, "z": 125.0}, {"name": "wool:white", "x": 64.0, "y": 10.0, "z": 125.0}, {"name": "wool:white", "x": 64.0, "y": 10.0, "z": 125.0}, {"name": "wool:white", "x": 64.0, "y": 10.0, "z": 126.0}, {"name": "wool:white", "x": 64.0, "y": 10.0, "z": 126.0}, {"name": "wool:white", "x": 64.0, "y": 10.0, "z": 127.0}, {"name": "wool:white", "x": 64.0, "y": 10.0, "z": 127.0}, {"name": "wool:white", "x": 65.0, "y": 10.0, "z": 125.0}, {"name": "wool:white", "x": 65.0, "y": 10.0, "z": 125.0}, {"name": "wool:white", "x": 65.0, "y": 10.0, "z": 125.0}, {"name": "wool:white", "x": 65.0, "y": 10.0, "z": 125.0}, {"name": "wool:white", "x": 65.0, "y": 10.0, "z": 125.0}, {"name": "wool:white", "x": 65.0, "y": 10.0, "z": 125.0}, {"name": "wool:white", "x": 65.0, "y": 10.0, "z": 126.0}, {"name": "wool:white", "x": 65.0, "y": 10.0, "z": 126.0}, {"name": "wool:white", "x": 65.0, "y": 10.0, "z": 126.0}, {"name": "wool:white", "x": 65.0, "y": 10.0, "z": 126.0}, {"name": "wool:white", "x": 65.0, "y": 10.0, "z": 127.0}, {"name": "wool:white", "x": 65.0, "y": 10.0, "z": 127.0}, {"name": "wool:white", "x": 65.0, "y": 10.0, "z": 126.0}, {"name": "wool:white", "x": 65.0, "y": 10.0, "z": 126.0}, {"name": "wool:white", "x": 64.0, "y": 10.0, "z": 126.0}, {"name": "wool:white", "x": 64.0, "y": 10.0, "z": 126.0}, {"name": "wool:white", "x": 65.0, "y": 10.0, "z": 126.0}, {"name": "wool:white", "x": 65.0, "y": 10.0, "z": 126.0}, {"name": "wool:white", "x": 64.0, "y": 10.0, "z": 127.0}, {"name": "wool:white", "x": 64.0, "y": 10.0, "z": 127.0}, {"name": "wool:white", "x": 64.0, "y": 10.0, "z": 127.0}, {"name": "wool:white", "x": 64.0, "y": 10.0, "z": 127.0}, {"name": "wool:white", "x": 64.0, "y": 10.0, "z": 127.0}, {"name": "wool:white", "x": 64.0, "y": 10.0, "z": 127.0}, {"name": "wool:white", "x": 64.0, "y": 10.0, "z": 127.0}, {"name": "wool:white", "x": 64.0, "y": 10.0, "z": 127.0}, {"name": "wool:white", "x": 64.0, "y": 10.0, "z": 127.0}, {"name": "wool:white", "x": 64.0, "y": 10.0, "z": 127.0}, {"name": "wool:white", "x": 64.0, "y": 10.0, "z": 128.0}, {"name": "wool:white", "x": 64.0, "y": 10.0, "z": 128.0}, {"name": "wool:white", "x": 64.0, "y": 10.0, "z": 127.0}, {"name": "wool:white", "x": 64.0, "y": 10.0, "z": 127.0}, {"name": "wool:white", "x": 65.0, "y": 10.0, "z": 127.0}, {"name": "wool:white", "x": 65.0, "y": 10.0, "z": 127.0}, {"name": "wool:white", "x": 65.0, "y": 10.0, "z": 127.0}, {"name": "wool:white", "x": 65.0, "y": 10.0, "z": 127.0}, {"name": "wool:white", "x": 65.0, "y": 10.0, "z": 128.0}, {"name": "wool:white", "x": 65.0, "y": 10.0, "z": 128.0}, {"name": "wool:white", "x": 65.0, "y": 10.0, "z": 128.0}, {"name": "wool:white", "x": 65.0, "y": 10.0, "z": 128.0}, {"name": "wool:white", "x": 65.0, "y": 10.0, "z": 129.0}, {"name": "wool:white", "x": 65.0, "y": 10.0, "z": 129.0}, {"name": "wool:white", "x": 65.0, "y": 10.0, "z": 128.0}, {"name": "wool:white", "x": 65.0, "y": 10.0, "z": 128.0}, {"name": "wool:white", "x": 64.0, "y": 10.0, "z": 128.0}, {"name": "wool:white", "x": 64.0, "y": 10.0, "z": 128.0}, {"name": "wool:white", "x": 64.0, "y": 10.0, "z": 128.0}, {"name": "wool:white", "x": 64.0, "y": 10.0, "z": 128.0}, {"name": "wool:white", "x": 64.0, "y": 10.0, "z": 129.0}, {"name": "wool:white", "x": 64.0, "y": 10.0, "z": 129.0}, {"name": "wool:white", "x": 64.0, "y": 10.0, "z": 129.0}, {"name": "wool:white", "x": 64.0, "y": 10.0, "z": 129.0}, {"name": "wool:white", "x": 65.0, "y": 10.0, "z": 128.0}, {"name": "wool:white", "x": 65.0, "y": 10.0, "z": 128.0}, {"name": "wool:white", "x": 65.0, "y": 10.0, "z": 133.0}, {"name": "wool:white", "x": 65.0, "y": 10.0, "z": 133.0}, {"name": "wool:white", "x": 65.0, "y": 10.0, "z": 134.0}, {"name": "wool:white", "x": 65.0, "y": 10.0, "z": 134.0}, {"name": "wool:white", "x": 65.0, "y": 10.0, "z": 133.0}, {"name": "wool:white", "x": 65.0, "y": 10.0, "z": 133.0}, {"name": "wool:white", "x": 64.0, "y": 10.0, "z": 133.0}, {"name": "wool:white", "x": 64.0, "y": 10.0, "z": 133.0}, {"name": "wool:white", "x": 64.0, "y": 10.0, "z": 134.0}, {"name": "wool:white", "x": 64.0, "y": 10.0, "z": 134.0}, {"name": "wool:white", "x": 64.0, "y": 10.0, "z": 133.0}, {"name": "wool:white", "x": 64.0, "y": 10.0, "z": 133.0}, {"name": "wool:white", "x": 65.0, "y": 10.0, "z": 133.0}, {"name": "wool:white", "x": 65.0, "y": 10.0, "z": 133.0}, {"name": "wool:white", "x": 65.0, "y": 10.0, "z": 134.0}, {"name": "wool:white", "x": 65.0, "y": 10.0, "z": 134.0}, {"name": "wool:white", "x": 65.0, "y": 10.0, "z": 134.0}, {"name": "wool:white", "x": 65.0, "y": 10.0, "z": 134.0}, {"name": "wool:white", "x": 65.0, "y": 10.0, "z": 135.0}, {"name": "wool:white", "x": 65.0, "y": 10.0, "z": 135.0}, {"name": "wool:white", "x": 65.0, "y": 10.0, "z": 134.0}, {"name": "wool:white", "x": 65.0, "y": 10.0, "z": 134.0}, {"name": "wool:white", "x": 64.0, "y": 10.0, "z": 134.0}, {"name": "wool:white", "x": 64.0, "y": 10.0, "z": 134.0}, {"name": "wool:white", "x": 64.0, "y": 10.0, "z": 134.0}, {"name": "wool:white", "x": 64.0, "y": 10.0, "z": 134.0}, {"name": "wool:white", "x": 64.0, "y": 10.0, "z": 135.0}, {"name": "wool:white", "x": 64.0, "y": 10.0, "z": 135.0}, {"name": "wool:white", "x": 64.0, "y": 10.0, "z": 135.0}, {"name": "wool:white", "x": 64.0, "y": 10.0, "z": 135.0}, {"name": "wool:white", "x": 64.0, "y": 10.0, "z": 136.0}, {"name": "wool:white", "x": 64.0, "y": 10.0, "z": 136.0}, {"name": "wool:white", "x": 64.0, "y": 10.0, "z": 135.0}, {"name": "wool:white", "x": 64.0, "y": 10.0, "z": 135.0}, {"name": "wool:white", "x": 65.0, "y": 10.0, "z": 135.0}, {"name": "wool:white", "x": 65.0, "y": 10.0, "z": 135.0}, {"name": "wool:white", "x": 65.0, "y": 10.0, "z": 135.0}, {"name": "wool:white", "x": 65.0, "y": 10.0, "z": 135.0}, {"name": "wool:white", "x": 65.0, "y": 10.0, "z": 135.0}, {"name": "wool:white", "x": 65.0, "y": 10.0, "z": 135.0}, {"name": "wool:white", "x": 65.0, "y": 10.0, "z": 136.0}, {"name": "wool:white", "x": 65.0, "y": 10.0, "z": 136.0}, {"name": "wool:white", "x": 64.0, "y": 10.0, "z": 136.0}, {"name": "wool:white", "x": 64.0, "y": 10.0, "z": 136.0}, {"name": "wool:white", "x": 64.0, "y": 10.0, "z": 136.0}, {"name": "wool:white", "x": 64.0, "y": 10.0, "z": 136.0}, {"name": "wool:white", "x": 65.0, "y": 10.0, "z": 136.0}, {"name": "wool:white", "x": 65.0, "y": 10.0, "z": 136.0}, {"name": "wool:white", "x": 64.0, "y": 10.0, "z": 136.0}, {"name": "wool:white", "x": 64.0, "y": 10.0, "z": 136.0}, {"name": "wool:white", "x": 63.0, "y": 10.0, "z": 140.0}, {"name": "wool:white", "x": 63.0, "y": 10.0, "z": 140.0}, {"name": "wool:white", "x": 64.0, "y": 10.0, "z": 137.0}, {"name": "wool:white", "x": 64.0, "y": 10.0, "z": 137.0}, {"name": "wool:white", "x": 71.0, "y": 10.0, "z": 102.0}, {"name": "wool:white", "x": 71.0, "y": 10.0, "z": 102.0}, {"name": "wool:white", "x": 71.0, "y": 10.0, "z": 102.0}, {"name": "wool:white", "x": 71.0, "y": 10.0, "z": 102.0}, {"name": "wool:white", "x": 71.0, "y": 10.0, "z": 102.0}, {"name": "wool:white", "x": 71.0, "y": 10.0, "z": 102.0}, {"name": "wool:white", "x": 72.0, "y": 10.0, "z": 102.0}, {"name": "wool:white", "x": 72.0, "y": 10.0, "z": 102.0}, {"name": "wool:white", "x": 73.0, "y": 10.0, "z": 102.0}, {"name": "wool:white", "x": 73.0, "y": 10.0, "z": 102.0}, {"name": "wool:white", "x": 72.0, "y": 10.0, "z": 102.0}, {"name": "wool:white", "x": 72.0, "y": 10.0, "z": 102.0}, {"name": "wool:white", "x": 71.0, "y": 10.0, "z": 103.0}, {"name": "wool:white", "x": 71.0, "y": 10.0, "z": 103.0}, {"name": "wool:white", "x": 72.0, "y": 10.0, "z": 103.0}, {"name": "wool:white", "x": 72.0, "y": 10.0, "z": 103.0}, {"name": "wool:white", "x": 72.0, "y": 10.0, "z": 103.0}, {"name": "wool:white", "x": 72.0, "y": 10.0, "z": 103.0}, {"name": "wool:white", "x": 72.0, "y": 10.0, "z": 103.0}, {"name": "wool:white", "x": 72.0, "y": 10.0, "z": 103.0}, {"name": "wool:white", "x": 72.0, "y": 10.0, "z": 103.0}, {"name": "wool:white", "x": 72.0, "y": 10.0, "z": 103.0}, {"name": "wool:white", "x": 72.0, "y": 10.0, "z": 103.0}, {"name": "wool:white", "x": 72.0, "y": 10.0, "z": 103.0}, {"name": "wool:white", "x": 72.0, "y": 10.0, "z": 104.0}, {"name": "wool:white", "x": 72.0, "y": 10.0, "z": 104.0}, {"name": "wool:white", "x": 72.0, "y": 10.0, "z": 103.0}, {"name": "wool:white", "x": 72.0, "y": 10.0, "z": 103.0}, {"name": "wool:white", "x": 72.0, "y": 10.0, "z": 104.0}, {"name": "wool:white", "x": 72.0, "y": 10.0, "z": 104.0}, {"name": "wool:white", "x": 72.0, "y": 10.0, "z": 104.0}, {"name": "wool:white", "x": 72.0, "y": 10.0, "z": 104.0}, {"name": "wool:white", "x": 73.0, "y": 10.0, "z": 104.0}, {"name": "wool:white", "x": 73.0, "y": 10.0, "z": 104.0}, {"name": "wool:white", "x": 73.0, "y": 10.0, "z": 104.0}, {"name": "wool:white", "x": 73.0, "y": 10.0, "z": 104.0}, {"name": "wool:white", "x": 72.0, "y": 10.0, "z": 104.0}, {"name": "wool:white", "x": 72.0, "y": 10.0, "z": 104.0}, {"name": "wool:white", "x": 72.0, "y": 10.0, "z": 104.0}, {"name": "wool:white", "x": 72.0, "y": 10.0, "z": 104.0}, {"name": "wool:white", "x": 72.0, "y": 10.0, "z": 104.0}, {"name": "wool:white", "x": 72.0, "y": 10.0, "z": 104.0}, {"name": "wool:white", "x": 73.0, "y": 10.0, "z": 109.0}, {"name": "wool:white", "x": 73.0, "y": 10.0, "z": 109.0}, {"name": "wool:white", "x": 73.0, "y": 10.0, "z": 109.0}, {"name": "wool:white", "x": 73.0, "y": 10.0, "z": 109.0}, {"name": "wool:white", "x": 72.0, "y": 10.0, "z": 109.0}, {"name": "wool:white", "x": 72.0, "y": 10.0, "z": 109.0}, {"name": "wool:white", "x": 72.0, "y": 10.0, "z": 110.0}, {"name": "wool:white", "x": 72.0, "y": 10.0, "z": 110.0}, {"name": "wool:white", "x": 73.0, "y": 10.0, "z": 110.0}, {"name": "wool:white", "x": 73.0, "y": 10.0, "z": 110.0}, {"name": "wool:white", "x": 73.0, "y": 10.0, "z": 110.0}, {"name": "wool:white", "x": 73.0, "y": 10.0, "z": 110.0}, {"name": "wool:white", "x": 72.0, "y": 10.0, "z": 110.0}, {"name": "wool:white", "x": 72.0, "y": 10.0, "z": 110.0}, {"name": "wool:white", "x": 72.0, "y": 10.0, "z": 110.0}, {"name": "wool:white", "x": 72.0, "y": 10.0, "z": 110.0}, {"name": "wool:white", "x": 72.0, "y": 10.0, "z": 111.0}, {"name": "wool:white", "x": 72.0, "y": 10.0, "z": 111.0}, {"name": "wool:white", "x": 73.0, "y": 10.0, "z": 113.0}, {"name": "wool:white", "x": 73.0, "y": 10.0, "z": 113.0}, {"name": "wool:white", "x": 72.0, "y": 10.0, "z": 117.0}, {"name": "wool:white", "x": 72.0, "y": 10.0, "z": 117.0}, {"name": "wool:white", "x": 72.0, "y": 10.0, "z": 117.0}, {"name": "wool:white", "x": 72.0, "y": 10.0, "z": 117.0}, {"name": "wool:white", "x": 72.0, "y": 10.0, "z": 118.0}, {"name": "wool:white", "x": 72.0, "y": 10.0, "z": 118.0}, {"name": "wool:white", "x": 72.0, "y": 10.0, "z": 118.0}, {"name": "wool:white", "x": 72.0, "y": 10.0, "z": 118.0}, {"name": "wool:white", "x": 73.0, "y": 10.0, "z": 117.0}, {"name": "wool:white", "x": 73.0, "y": 10.0, "z": 117.0}, {"name": "wool:white", "x": 73.0, "y": 10.0, "z": 118.0}, {"name": "wool:white", "x": 73.0, "y": 10.0, "z": 118.0}, {"name": "wool:white", "x": 73.0, "y": 10.0, "z": 118.0}, {"name": "wool:white", "x": 73.0, "y": 10.0, "z": 118.0}, {"name": "wool:white", "x": 73.0, "y": 10.0, "z": 118.0}, {"name": "wool:white", "x": 73.0, "y": 10.0, "z": 118.0}, {"name": "wool:white", "x": 73.0, "y": 10.0, "z": 118.0}, {"name": "wool:white", "x": 73.0, "y": 10.0, "z": 118.0}, {"name": "wool:white", "x": 79.0, "y": 10.0, "z": 102.0}, {"name": "wool:white", "x": 79.0, "y": 10.0, "z": 102.0}, {"name": "wool:white", "x": 80.0, "y": 10.0, "z": 100.0}, {"name": "wool:white", "x": 80.0, "y": 10.0, "z": 100.0}, {"name": "wool:white", "x": 80.0, "y": 10.0, "z": 104.0}, {"name": "wool:white", "x": 80.0, "y": 10.0, "z": 104.0}, {"name": "wool:white", "x": 81.0, "y": 10.0, "z": 104.0}, {"name": "wool:white", "x": 81.0, "y": 10.0, "z": 104.0}, {"name": "wool:white", "x": 81.0, "y": 10.0, "z": 103.0}, {"name": "wool:white", "x": 81.0, "y": 10.0, "z": 103.0}, {"name": "wool:white", "x": 80.0, "y": 10.0, "z": 103.0}, {"name": "wool:white", "x": 80.0, "y": 10.0, "z": 103.0}, {"name": "wool:white", "x": 80.0, "y": 10.0, "z": 103.0}, {"name": "wool:white", "x": 80.0, "y": 10.0, "z": 103.0}, {"name": "wool:white", "x": 80.0, "y": 10.0, "z": 103.0}, {"name": "wool:white", "x": 80.0, "y": 10.0, "z": 103.0}, {"name": "wool:white", "x": 81.0, "y": 10.0, "z": 102.0}, {"name": "wool:white", "x": 81.0, "y": 10.0, "z": 102.0}, {"name": "wool:white", "x": 81.0, "y": 10.0, "z": 103.0}, {"name": "wool:white", "x": 81.0, "y": 10.0, "z": 103.0}, {"name": "wool:white", "x": 81.0, "y": 10.0, "z": 103.0}, {"name": "wool:white", "x": 81.0, "y": 10.0, "z": 103.0}, {"name": "wool:white", "x": 80.0, "y": 10.0, "z": 102.0}, {"name": "wool:white", "x": 80.0, "y": 10.0, "z": 102.0}, {"name": "wool:white", "x": 81.0, "y": 10.0, "z": 101.0}, {"name": "wool:white", "x": 81.0, "y": 10.0, "z": 101.0}]